<?xml version="1.0"?>
<doc>
    <assembly>
        <name>Shizuku_V1</name>
    </assembly>
    <members>
        <member name="T:MerryDllFramework.MerryDll">
            <summary dllName="Shizuku_V1">
            USB电流表
            </summary>
        </member>
        <member name="M:MerryDllFramework.MerryDll.CurrentToA">
            <summary isPublicTestItem="false">
            读取电流 以安为单位
            </summary>
            <returns>浮点数</returns>
        </member>
        <member name="M:MerryDllFramework.MerryDll.CurrentTomA">
            <summary isPublicTestItem="false">
            读取电流 以毫安为单位
            </summary>
            <returns>浮点数</returns>
        </member>
        <member name="M:MerryDllFramework.MerryDll.CurrentTouA">
            <summary isPublicTestItem="false">
            读取电流 以微安为单位
            </summary>
            <returns>浮点数</returns>
        </member>
        <member name="M:MerryDllFramework.MerryDll.CurrentToV(System.Int32)">
            <summary isPublicTestItem="false">
            读取电压 以伏特为单位
            </summary>
            <param name="Round">保留几位小数 常规“2”</param>
            <returns></returns>
        </member>
        <member name="M:MerryDllFramework.MerryDll.CurrentTomV(System.Int32)">
            <summary isPublicTestItem="false">
            读取电压 以豪伏为单位
            </summary>
            <param name="Round">保留几位小数 常规“2”</param>
            <returns>浮点数</returns>
        </member>
        <member name="M:MerryDllFramework.MerryDll.ReadCurrent(System.String,System.String,System.Int32)">
            <summary isPublicTestItem="true">
            单扳 连扳 读取电流
            </summary>
            <param name="Number">单板输入Null 连扳在ShizukuID字段输入 串口内容、事件、资讯 第三段</param>
            <param name="unit" options="A,mA,uA">单位</param>
            <param name="Round">保留几位小数 常规“2”</param>
            <returns></returns>
        </member>
        <member name="M:MerryDllFramework.MerryDll.ReadVoltage(System.String,System.String,System.Int32)">
            <summary isPublicTestItem="true">
            单扳 连扳 读取电压
            </summary>
            <param name="Number">单板输入Null 连扳在ShizukuID字段输入 串口内容、事件、资讯 第三段</param>
            <param name="unit" options="V,mV,uV">单位</param>
            <param name="Round">保留几位小数 常规“2”</param>
            <returns></returns>
        </member>
    </members>
</doc>
